{
    "at": 0,
    "risk": 1.0,
    "legacy": 1.4166666666666665,
    "continues": 0,
    ",": 0.5151515151515151,
    "an": 1.8853603603603601,
    "company": 0.0,
    "alera": 0,
    "group": 0,
    "our": 1.0,
    "business": 0.5,
    "to": 7.458333333333332,
    "grow": 0,
    "and": 38.722727272727276,
    "seeking": 0,
    "we": 0.0,
    "are": 0.0,
    "add": 0,
    "manager": 0,
    "experienced": 0,
    "account": 0,
    "join": 1.5775401069518717,
    "lines": 0.7589285714285714,
    "commercial": 7.26270951270951,
    "the": 6.0130952380952385,
    "team": 0.0,
    "brokerage": 0.0,
    ".": 1.4454681954681954,
    "services": 2.55,
    "&": 8.0,
    "insurance": 4.05,
    "located": 0.8571428571428571,
    "in": 2.3603603603603607,
    "creek": 0,
    "walnut": 0,
    "ca": 0,
    "is": 0.0,
    "offering": 0,
    "management": 2.941025641025641,
    "property": 13.308321377331419,
    "/": 0,
    "casualty": 2.0687645687645686,
    "clients": 0.47619047619047616,
    "middle": 0,
    "market": 0,
    "-": 0.15202702702702703,
    "u.s.": 0.75,
    "western": 0,
    "specialize": 0,
    "programs": 1.3333333333333333,
    "for": 3.25,
    "variety": 0,
    "a": 7.580252100840337,
    "of": 64.2413044103273,
    "industries": 0.0,
    "including": 0.0,
    "construction": 0,
    "development": 0.6666666666666666,
    "food": 0.6666666666666666,
    "beverage": 0.6666666666666666,
    "sciences": 0.6666666666666666,
    "life": 0,
    "technology": 0.6666666666666666,
    "manufacturing": 0.6666666666666666,
    "estate": 12.899227584010196,
    "real": 1.3666666666666667,
    "service": 3.152097902097902,
    "solar": 0.6666666666666666,
    "renewable": 0.5,
    "energy": 0.6666666666666666,
    "wholesale": 0.6666666666666666,
    "retailers": 0.6666666666666666,
    "through": 0.0,
    "private": 0.5,
    "client": 0.75,
    "provide": 0,
    "also": 0,
    "specialized": 0,
    "solutions": 0,
    "personal": 11.68744802668951,
    "individuals": 0,
    "affluent": 0,
    "families": 0,
    "value": 0,
    "individual": 0,
    "contributions": 0,
    "superior": 1.0,
    "customer": 0.0,
    "standards": 0,
    "high": 0.0,
    "performance": 0.0,
    "style": 0,
    "collaborative": 0,
    "work": 62.87048924298666,
    "environment": 0,
    "great": 10.68744802668951,
    "opportunity": 0,
    "growth": 17.191471273824217,
    "professional": 4.531746031746032,
    "as": 0,
    "result": 0,
    "honored": 0,
    "was": 0,
    "with": 26.21696923148535,
    "ranking": 0,
    "1st": 0,
    "place": 0,
    "area": 0,
    "2018": 0.0,
    "bay": 0.0,
    "best": 0,
    "places": 0,
    "by": 0.3333333333333333,
    "times": 1.0,
    "san": 0.5,
    "francisco": 0,
    "!": 0.0,
    "managers": 0,
    "highly": 0,
    "skilled": 0,
    "build": 0,
    "strong": 1.1428571428571428,
    "relationships": 1.3464285714285713,
    "that": 0.0,
    "level": 1.2000000000000002,
    "retention": 0,
    "these": 0,
    "built": 0,
    "on": 2.4,
    "foundation": 0,
    "solid": 0,
    "trust": 0,
    "confidence": 0,
    "knowledge": 0,
    "expertise": 2.3055555555555554,
    "you": 0.0,
    "assist": 0,
    "will": 0.0,
    "producers": 0,
    "both": 0,
    "new": 0.5,
    "renewal": 0,
    "providing": 0.875,
    "successfully": 0,
    "technical": 0,
    "advice": 0,
    "handle": 0,
    "coverage": 8.595735636912105,
    "issues": 44.473607189911554,
    "needs": 7.816666666666666,
    "conduct": 0,
    "exposure": 0.0,
    "analysis": 0,
    "interested": 0,
    "finding": 0,
    "person": 0.0,
    "who": 0.0,
    "shares": 0.9333333333333333,
    "values": 0,
    "dedication": 0,
    "candidate": 0.0,
    "successful": 0,
    "have": 39.42430264978991,
    "must": 0.0,
    "exceptional": 13.88744802668951,
    "depth": 44.473607189911554,
    "breadth": 6.883333333333333,
    "experience": 48.619139194139194,
    "working": 13.40795400257388,
    "primarily": 0,
    "medium": 1.5119047619047619,
    "accounts": 27.037274368567275,
    "large": 0.8666666666666667,
    "size": 12.23256091734353,
    "possess": 10.320834884070175,
    "minimum": 6.821428571428571,
    "years": 44.47360718991152,
    "five": 0.0,
    "seven": 0.0,
    "agency": 10.626447351330388,
    "role": 11.091654710664752,
    "preferred": 0,
    "managing": 47.595831934172296,
    "ability": 25.45701865701866,
    "demonstrated": 7.47196400091137,
    "essential": 0,
    "understand": 61.49867630952598,
    "policies": 15.541297573506654,
    "coverages": 1.8952380952380952,
    "forms": 1.8952380952380952,
    "methods": 1.8952380952380952,
    "accounting": 0.3333333333333333,
    "ratings": 1.8952380952380952,
    "procedures": 1.8952380952380952,
    "claims": 0.3333333333333333,
    "rapport": 44.473607189911554,
    "excellent": 10.68744802668951,
    "underwriters": 9.340201465201467,
    "insureds": 0.4,
    "this": 0.0,
    "position": 0.375,
    "requires": 0,
    "degree": 2.3555555555555556,
    "bachelors": 0,
    "certification": 0,
    "or": 2.5,
    "equivalent": 0,
    "training": 0.75,
    "education": 0.75,
    "3": 0,
    "year": 0,
    "(": 0,
    "s": 0,
    ")": 0,
    "skills": 8.238095238095237,
    "written": 6.4,
    "verbal": 5.833333333333333,
    "communication": 10.762402303578773,
    "required": 0,
    "applied": 0,
    "epic": 0,
    "system": 7.326447351330391,
    "desirable": 0,
    "proficient": 0,
    "be": 0.024390243902439025,
    "office": 0,
    "microsoft": 0,
    "word": 0.6666666666666666,
    "excel": 0,
    "outlook": 0,
    "proven": 0,
    "meet": 54.774811122425504,
    "deadlines": 15.219806345436478,
    "analytical": 3.2,
    "organizational": 1.3333333333333333,
    "license": 0,
    "california": 0,
    "designations": 0,
    "such": 0,
    "cic": 0,
    "cisr": 0,
    "cpcu": 0,
    "arm": 0,
    "crm": 0,
    "employer": 0,
    "'re": 0.0,
    "equal": 0,
    "all": 0.34285714285714286,
    "applicants": 0.0,
    "considered": 0,
    "employment": 0.4,
    "without": 0,
    "attention": 44.473607189911526,
    "race": 0,
    "color": 0,
    "religion": 0,
    "sex": 0,
    "orientation": 0,
    "sexual": 0.0,
    "identity": 0,
    "gender": 0,
    "origin": 0,
    "national": 0,
    "status": 0,
    "veteran": 0,
    "disability": 0,
    "if": 0.2361111111111111,
    "resident": 5.786872909698997,
    "read": 54.77481112242551,
    "please": 0,
    "thecalifornia": 3.7495238095238097,
    "actprior": 13.66153566874475,
    "consumer": 1.6666666666666665,
    "privacy": 3.7495238095238097,
    "applying": 5.786872909698997,
    "#": 0,
    "pandoiq": 0,
    "pandologic": 0,
    "keywords": 0,
    ":": 0,
    "location": 0,
    "94596": 0,
    "pl": 0,
    "567204978": 0,
    "jobble": 0,
    "descriptionwe": 0.0,
    "looking": 0,
    "educators": 0.2727272727272727,
    "music": 14.95686813186813,
    "department": 0.7589285714285714,
    "positions": 0,
    "teaching": 2.0212121212121215,
    "instruction": 0,
    "schools": 0,
    "local": 0,
    "ideal": 0,
    "passion": 44.473607189911554,
    "interviewing": 0,
    "now": 0.0,
    "fall": 0,
    "23": 0,
    "school": 9.79018008135655,
    "functions": 0,
    "inclusive": 0,
    "not": 0.25,
    "teach": 0,
    "classes": 0,
    "settings": 0,
    "one": 0.0,
    "based": 7.605383022774327,
    "contracts": 0,
    "each": 0.25,
    "class": 9.340201465201467,
    "sizes": 0,
    "vary": 0,
    "from": 0.0,
    "students": 0.0,
    "few": 0,
    "kids": 8.563095238095237,
    "over": 0,
    "50": 0,
    "use": 54.774811122425504,
    "recruiting": 8.799047619047618,
    "tools": 32.924586489004646,
    "set": 14.86476403381068,
    "up": 0.25,
    "instrument": 45.896226237530605,
    "events": 6.9985421441303775,
    "testing": 0.5476190476190476,
    "nights": 1.3333333333333333,
    "recruitment": 0,
    "other": 1.8547619047619046,
    "entice": 9.113524215382558,
    "program": 0.7589285714285714,
    "band": 1.3422619047619047,
    "orchestra": 0,